DATE,USDJPY,GBPUSD,USDCAD,AUDUSD,NZDUSD,USDCHF,USDNOK,USDSEK,EURUSD
1/1/1971,358.02,2.4058,1.0118,1.1181,1.1194,4.3053,7.1411,5.1639,
2/1/1971,357.545,2.4178,1.0075,1.1238,1.125,4.2981,7.1425,5.1726,
3/1/1971,357.5187,2.4187,1.0064,1.1243,1.1254,4.3003,7.1377,5.1628,
4/1/1971,357.5032,2.4179,1.0077,1.1238,1.125,4.2987,7.1287,5.163,
5/1/1971,357.413,2.4187,1.0087,1.1243,1.1254,4.1242,7.1145,5.166,
6/1/1971,357.4118,2.4188,1.0213,1.1243,1.1255,4.0938,7.1111,5.1625,
7/1/1971,357.4043,2.4185,1.0213,1.1241,1.1253,4.0946,7.1059,5.1623,
8/1/1971,355.78,2.4346,1.013,1.1316,1.1328,4.0306,7.0219,5.1279,
9/1/1971,338.021,2.4694,1.013,1.1478,1.149,3.9812,6.8993,5.0681,
10/1/1971,331.1105,2.4896,1.0047,1.1577,1.1588,3.975,6.8498,5.0217,
11/1/1971,328.752,2.4933,1.0039,1.1589,1.1601,3.9834,6.8595,5.0028,
12/1/1971,320.0727,2.5266,0.9993,1.1748,1.1731,3.9041,6.7496,4.8939,
1/1/1972,312.72,2.5705,1.0059,1.191,1.1936,3.8922,6.7056,4.8238,
2/1/1972,305.187,2.6037,1.0047,1.191,1.1939,3.8611,6.6538,4.7944,
3/1/1972,302.5365,2.6181,0.9985,1.191,1.1928,3.8567,6.5959,4.772,
4/1/1972,303.5605,2.6102,0.9957,1.191,1.1937,3.8509,6.6003,4.7831,
5/1/1972,304.3795,2.6124,0.9889,1.191,1.1941,3.8605,6.573,4.7546,
6/1/1972,302.4145,2.5691,0.9795,1.191,1.1913,3.7998,6.5349,4.7391,
7/1/1972,301.0305,2.4447,0.984,1.191,1.1931,3.765,6.5076,4.7316,
8/1/1972,301.1609,2.4502,0.9824,1.1911,1.1945,3.7808,6.5211,4.7258,
9/1/1972,301.119,2.441,0.983,1.191,1.1933,3.7874,6.5751,4.7292,
10/1/1972,301.011,2.3948,0.9827,1.1907,1.1921,3.7977,6.6046,4.7442,
11/1/1972,300.9885,2.3515,0.9874,1.1909,1.1945,3.7956,6.6034,4.7448,
12/1/1972,301.2405,2.3449,0.9968,1.2074,1.1953,3.77,6.5847,4.7438,
1/1/1973,301.7882,2.3563,0.9993,1.2716,1.1952,3.7293,6.6101,4.7411,
2/1/1973,278.4206,2.4272,0.9956,1.3546,1.2687,3.417,6.2437,4.5624,
3/1/1973,261.9014,2.4724,0.9967,1.4129,1.3221,3.2171,5.899,4.4294,
4/1/1973,265.4914,2.4837,1.0007,1.415,1.3299,3.2406,5.9155,4.5124,
5/1/1973,264.6505,2.5306,1.0008,1.415,1.3234,3.1728,5.8093,4.4328,
6/1/1973,264.4981,2.5762,0.9984,1.4158,1.324,3.0532,5.4986,4.2121,
7/1/1973,264.5538,2.5375,0.9995,1.4178,1.3502,2.8233,5.2827,4.0438,
8/1/1973,265.22,2.4757,1.0039,1.4148,1.3533,2.9733,5.5134,4.1557,
9/1/1973,265.4747,2.4183,1.0083,1.4683,1.4507,3.017,5.541,4.2072,
10/1/1973,266.3348,2.4292,1.0011,1.4823,1.4864,3.0288,5.4694,4.1769,
11/1/1973,278.2625,2.387,0.9991,1.4822,1.4774,3.1647,5.5963,4.3459,
12/1/1973,280.1775,2.3174,0.9994,1.4833,1.4434,3.2,5.6657,4.5403,
1/1/1974,298.1336,2.224,0.9915,1.4823,1.3908,3.3644,5.9749,4.813,
2/1/1974,291.0872,2.2749,0.9766,1.485,1.4031,3.1763,5.7648,4.6793,
3/1/1974,282.1648,2.3406,0.972,1.4855,1.434,3.0788,5.6401,4.5648,
4/1/1974,277.7741,2.3886,0.9676,1.4841,1.4513,3.027,5.5045,4.4004,
5/1/1974,278.9664,2.4137,0.9623,1.4844,1.4607,2.9173,5.3283,4.2763,
6/1/1974,282.97,2.3902,0.9664,1.4834,1.4529,2.9899,5.432,4.3699,
7/1/1974,290.98,2.3896,0.9763,1.4799,1.4515,2.9642,5.3999,4.3745,
8/1/1974,302.2836,2.3456,0.9799,1.4824,1.4373,2.9846,5.4814,4.4257,
9/1/1974,299.084,2.3165,0.9864,1.4487,1.3964,2.9967,5.5579,4.4778,
10/1/1974,299.3645,2.333,0.983,1.3093,1.2995,2.8966,5.5052,4.3943,
11/1/1974,300.075,2.3252,0.9874,1.311,1.3042,2.7503,5.4343,4.3154,
12/1/1974,300.4114,2.3294,0.9882,1.3172,1.3056,2.6028,5.2991,4.1855,
1/1/1975,299.6845,2.3623,0.9948,1.3295,1.3172,2.5278,5.1085,4.0409,
2/1/1975,291.6583,2.3958,1.0004,1.348,1.333,2.4731,5.0067,3.9769,
3/1/1975,287.9486,2.418,1.0005,1.3585,1.3431,2.4835,4.9124,3.9245,
4/1/1975,292.1968,2.3707,1.011,1.3416,1.3266,2.5589,4.9881,3.973,
5/1/1975,291.4305,2.3205,1.0286,1.3404,1.3166,2.5096,4.9513,3.9337,
6/1/1975,293.4662,2.2803,1.0264,1.3355,1.3086,2.4946,4.9038,3.9166,
7/1/1975,296.3741,2.1845,1.0309,1.3095,1.2773,2.6142,5.2011,4.1329,
8/1/1975,297.9762,2.1143,1.0354,1.2815,1.1179,2.6787,5.4635,4.3153,
9/1/1975,299.909,2.0834,1.0263,1.2687,1.055,2.7099,5.6082,4.4453,
10/1/1975,302.3364,2.0568,1.0251,1.2626,1.0474,2.6631,5.5291,4.3924,
11/1/1975,302.5453,2.0484,1.0139,1.2626,1.0475,2.6538,5.5202,4.3884,
12/1/1975,305.67,2.0221,1.0139,1.2538,1.0377,2.6337,5.5594,4.4081,
1/1/1976,304.6357,2.0286,1.0065,1.2565,1.0406,2.603,5.5581,4.3799,
2/1/1976,301.5944,2.0262,0.9935,1.2585,1.0425,2.57,5.5256,4.3744,
3/1/1976,300.5183,1.9428,0.9859,1.2479,1.0242,2.5656,5.5488,4.4049,
4/1/1976,299.1086,1.8463,0.9836,1.2372,1.0019,2.5296,5.4943,4.4035,
5/1/1976,299.004,1.8079,0.9802,1.2337,0.9934,2.4873,5.4996,4.4146,
6/1/1976,299.1909,1.764,0.9736,1.2275,0.9809,2.4704,5.5494,4.4495,
7/1/1976,294.641,1.785,0.9722,1.2359,0.9905,2.485,5.5869,4.4684,
8/1/1976,290.6259,1.7828,0.9854,1.2418,0.9966,2.4813,5.5097,4.4132,
9/1/1976,287.361,1.7272,0.9751,1.2425,0.9887,2.4733,5.4275,4.3486,
10/1/1976,291.189,1.6377,0.9727,1.234,0.9648,2.4465,5.316,4.2534,
11/1/1976,295.1653,1.6381,0.9859,1.2066,0.9539,2.4415,5.2763,4.2196,
12/1/1976,294.7017,1.6784,1.0183,1.0529,0.9218,2.4496,5.2102,4.1579,
1/1/1977,291.0524,1.7124,1.0103,1.0853,0.9484,2.4924,5.2791,4.2141,
2/1/1977,285.0221,1.7103,1.0279,1.0904,0.9519,2.5209,5.2899,4.2476,
3/1/1977,280.2265,1.7174,1.0513,1.0994,0.9569,2.5505,5.2534,4.2148,
4/1/1977,275.2071,1.719,1.0515,1.1053,0.9613,2.5264,5.2887,4.3473,
5/1/1977,277.4262,1.7185,1.0486,1.1031,0.96,2.5193,5.2754,4.3551,
6/1/1977,272.8609,1.7191,1.0577,1.108,0.9626,2.4895,5.287,4.4199,
7/1/1977,264.8632,1.7226,1.0612,1.122,0.9716,2.4105,5.2572,4.3498,
8/1/1977,266.6774,1.7397,1.075,1.1047,0.9683,2.4084,5.302,4.455,
9/1/1977,266.77,1.7431,1.0733,1.1037,0.9681,2.3745,5.4867,4.8539,
10/1/1977,254.7445,1.7711,1.0989,1.119,0.9815,2.278,5.4849,4.797,
11/1/1977,244.7026,1.8178,1.1093,1.127,0.9939,2.1977,5.4564,4.7966,
12/1/1977,241.0229,1.8546,1.0973,1.1336,1.0059,2.0772,5.2488,4.7524,
1/1/1978,241.081,1.9353,1.1012,1.1382,1.0195,1.9863,5.1548,4.6702,
2/1/1978,240.3722,1.9396,1.113,1.1356,1.0207,1.9095,5.2589,4.6396,
3/1/1978,231.8574,1.9055,1.1258,1.1383,1.022,1.8985,5.3263,4.6099,
4/1/1978,221.857,1.8497,1.1417,1.1397,1.0192,1.9052,5.3708,4.6019,
5/1/1978,226.1786,1.8181,1.1186,1.1276,1.0069,1.9652,5.4468,4.6532,
6/1/1978,214.1064,1.8372,1.1218,1.1383,1.019,1.8854,5.4055,4.6106,
7/1/1978,199.6955,1.8949,1.1246,1.1494,1.0385,1.804,5.3984,4.543,
8/1/1978,188.7096,1.9406,1.1404,1.1541,1.0542,1.6672,5.2588,4.4403,
9/1/1978,189.9195,1.9595,1.1664,1.1529,1.0559,1.5697,5.2116,4.4264,
10/1/1978,183.631,2.0075,1.1828,1.1687,1.0737,1.5365,4.9228,4.2846,
11/1/1978,192.1425,1.9608,1.1731,1.1453,1.0541,1.675,5.0676,4.3758,
12/1/1978,195.955,1.9861,1.1798,1.1415,1.0546,1.6757,5.1102,4.3852,
1/1/1979,197.755,2.0053,1.1899,1.1404,1.0564,1.6714,5.0686,4.3505,
2/1/1979,200.5072,2.0042,1.1956,1.1312,1.0532,1.6752,5.0996,4.3673,
3/1/1979,206.3236,2.0378,1.1739,1.1215,1.054,1.6815,5.0972,4.3667,
4/1/1979,216.2852,2.0735,1.1464,1.1085,1.0496,1.7177,5.1431,4.3915,
5/1/1979,218.4141,2.0587,1.1556,1.1057,1.0437,1.7273,5.1895,4.3946,
6/1/1979,218.5967,2.1119,1.1724,1.1111,1.0329,1.699,5.1555,4.343,
7/1/1979,216.51,2.2598,1.1639,1.1283,1.0204,1.6489,5.0445,4.222,
8/1/1979,217.9257,2.2368,1.1706,1.1283,1.014,1.657,5.031,4.2206,
9/1/1979,222.4137,2.1966,1.1653,1.1263,1.0028,1.6113,4.9803,4.1913,
10/1/1979,230.4845,2.1438,1.1754,1.1131,0.9856,1.6309,4.9652,4.2115,
11/1/1979,244.9842,2.1352,1.1797,1.0934,0.9681,1.6429,5.0183,4.2236,
12/1/1979,240.3745,2.2007,1.17,1.103,0.981,1.599,4.9774,4.178,
1/1/1980,237.8886,2.2641,1.164,1.1097,0.9869,1.5953,4.9086,4.1474,
2/1/1980,244.35,2.2891,1.1555,1.1041,0.9796,1.6406,4.8822,4.1713,
3/1/1980,248.4786,2.2045,1.1731,1.0903,0.9545,1.7643,5.0476,4.3476,
4/1/1980,250.275,2.2094,1.1861,1.091,0.947,1.7614,5.0677,4.3743,
5/1/1980,228.6286,2.302,1.1741,1.1302,0.9764,1.6631,4.9077,4.2141,
6/1/1980,217.9176,2.3359,1.1516,1.1529,0.9873,1.6339,4.8525,4.1676,
7/1/1980,221.1364,2.3732,1.1523,1.1585,0.9864,1.6078,4.8167,4.1258,
8/1/1980,223.9138,2.3704,1.1592,1.1577,0.9774,1.6522,4.8651,4.1749,
9/1/1980,214.4167,2.4012,1.1647,1.1704,0.9831,1.6391,4.8367,4.1542,
10/1/1980,209.3227,2.4165,1.1691,1.1743,0.9807,1.6619,4.8973,4.194,
11/1/1980,213.1059,2.3941,1.1864,1.1675,0.9677,1.726,5.0156,4.303,
12/1/1980,209.4886,2.3459,1.1968,1.1686,0.954,1.7854,5.1629,4.4014,
1/1/1981,202.3667,2.4029,1.1909,1.1819,0.9614,1.8224,5.241,4.4477,
2/1/1981,205.7167,2.2941,1.1984,1.1626,0.9341,1.9422,5.4101,4.6013,
3/1/1981,208.7918,2.2319,1.1914,1.1629,0.92,1.9219,5.3943,4.6078,
4/1/1981,214.9759,2.1753,1.191,1.1532,0.9027,1.974,5.4735,4.6934,
5/1/1981,220.6285,2.0884,1.201,1.1406,0.8815,2.0662,5.6656,4.8905,
6/1/1981,224.1805,1.9738,1.2041,1.1407,0.8582,2.0742,5.9155,5.0503,
7/1/1981,232.3261,1.8737,1.2107,1.1427,0.8377,2.0981,6.1025,5.1835,
8/1/1981,233.3262,1.8203,1.2232,1.1399,0.8233,2.1698,6.1822,5.3,
9/1/1981,229.481,1.8146,1.2008,1.1486,0.8264,2.0223,5.961,5.4303,
10/1/1981,231.519,1.8407,1.2029,1.1432,0.8235,1.8845,5.9195,5.5492,
11/1/1981,223.1267,1.9025,1.1872,1.1455,0.831,1.7859,5.8164,5.4894,
12/1/1981,218.9545,1.9033,1.1851,1.1339,0.8278,1.8152,5.7801,5.5411,
1/1/1982,224.805,1.886,1.1926,1.1141,0.814,1.8442,5.8623,5.6207,
2/1/1982,235.3056,1.847,1.214,1.085,0.7933,1.8909,5.9697,5.7579,
3/1/1982,241.2283,1.8053,1.2205,1.0603,0.777,1.8886,6.0255,5.8361,
4/1/1982,244.1068,1.772,1.2252,1.0515,0.7656,1.9624,6.082,5.9144,
5/1/1982,236.9635,1.8104,1.2336,1.0594,0.7703,1.95,5.9676,5.7888,
6/1/1982,251.1977,1.7563,1.2756,1.0323,0.7495,2.0789,6.1869,6.0245,
7/1/1982,255.031,1.7354,1.27,1.0109,0.7399,2.096,6.3557,6.1159,
8/1/1982,259.0455,1.725,1.2452,0.9784,0.7322,2.1119,6.6785,6.1441,
9/1/1982,263.2857,1.712,1.2348,0.9582,0.7242,2.1418,6.8999,6.2314,
10/1/1982,271.615,1.6962,1.2301,0.9435,0.7143,2.1737,7.1735,7.1543,
11/1/1982,264.0879,1.6321,1.2262,0.9427,0.7109,2.1931,7.2397,7.5095,
12/1/1982,241.9413,1.616,1.2385,0.9682,0.7257,2.0501,7.0347,7.3555,
1/1/1983,232.731,1.5756,1.2287,0.9826,0.7292,1.9679,7.0447,7.3227,
2/1/1983,236.1211,1.5329,1.2277,0.9662,0.7189,2.018,7.1171,7.4385,
3/1/1983,238.2543,1.49,1.2263,0.8839,0.6664,2.0663,7.1852,7.4882,
4/1/1983,237.7467,1.5361,1.2325,0.8676,0.6573,2.0587,7.146,7.4941,
5/1/1983,234.7557,1.5722,1.2292,0.8785,0.6625,2.0572,7.1154,7.4979,
6/1/1983,240.0314,1.548,1.2323,0.8772,0.6566,2.1123,7.2678,7.6351,
7/1/1983,240.516,1.5273,1.2323,0.8754,0.6538,2.1184,7.3281,7.6937,
8/1/1983,244.4613,1.5026,1.2338,0.8793,0.651,2.1632,7.4641,7.8585,
9/1/1983,242.3462,1.4986,1.2326,0.8877,0.6532,2.1623,7.4271,7.8773,
10/1/1983,232.8855,1.4969,1.232,0.9137,0.6616,2.1122,7.3244,7.7844,
11/1/1983,235.03,1.4766,1.2367,0.9159,0.6585,2.1701,7.4696,7.9202,
12/1/1983,234.4624,1.4338,1.2469,0.9004,0.6512,2.1983,7.7237,8.0608,
1/1/1984,233.8,1.4076,1.2484,0.906,0.6486,2.238,7.8763,8.1782,
2/1/1984,233.5963,1.4417,1.248,0.9348,0.658,2.205,7.6955,7.9977,
3/1/1984,225.2664,1.4557,1.2697,0.9513,0.6671,2.149,7.5028,7.7323,
4/1/1984,225.2,1.421,1.2796,0.9231,0.6583,2.1913,7.5992,7.8444,
5/1/1984,230.4777,1.3894,1.2944,0.9061,0.6489,2.268,7.81,8.0782,
6/1/1984,233.5657,1.377,1.304,0.8826,0.6421,2.2832,7.8162,8.0993,
7/1/1984,243.0676,1.32,1.3238,0.8342,0.5563,2.4115,8.2151,8.3063,
8/1/1984,242.2609,1.3132,1.3035,0.8473,0.4991,2.415,8.2991,8.3489,
9/1/1984,245.4568,1.2563,1.3145,0.8308,0.4895,2.5049,8.6246,8.5892,
10/1/1984,246.7545,1.2196,1.319,0.8364,0.4861,2.5245,8.8721,8.6887,
11/1/1984,243.6305,1.2392,1.3168,0.8588,0.4928,2.47,8.7175,8.5957,
12/1/1984,247.964,1.1861,1.3201,0.84,0.4826,2.5602,8.9805,8.8614,
1/1/1985,254.1829,1.1271,1.324,0.8151,0.4704,2.659,9.1765,9.0716,
2/1/1985,260.4778,1.0931,1.3547,0.7374,0.4522,2.8045,9.4695,9.3364,
3/1/1985,257.9205,1.1253,1.384,0.697,0.4528,2.8033,9.4608,9.4135,
4/1/1985,251.8455,1.2377,1.3658,0.6584,0.4552,2.5948,8.9314,8.9946,
5/1/1985,251.7295,1.2483,1.3756,0.6768,0.452,2.615,8.9442,8.9895,
6/1/1985,248.84,1.2808,1.3676,0.6651,0.4595,2.5721,8.8255,8.8566,
7/1/1985,241.1364,1.3807,1.3526,0.6995,0.4983,2.406,8.4338,8.4703,
8/1/1985,237.4609,1.3841,1.3575,0.707,0.5356,2.2962,8.2487,8.3106,
9/1/1985,236.5275,1.3642,1.3703,0.6896,0.5329,2.3359,8.3337,8.3908,
10/1/1985,214.6805,1.4215,1.3667,0.7025,0.5693,2.1692,7.9099,7.9558,
11/1/1985,204.0737,1.4396,1.3765,0.6774,0.5723,2.1306,7.8076,7.8127,
12/1/1985,202.7881,1.4447,1.3955,0.6811,0.5263,2.1042,7.6524,7.6817,
1/1/1986,199.8905,1.4244,1.407,0.7,0.5166,2.066,7.5541,7.5939,
2/1/1986,184.8516,1.4297,1.4043,0.6993,0.5318,1.9547,7.2789,7.3997,
3/1/1986,178.6938,1.4674,1.4009,0.7079,0.5282,1.915,7.1711,7.261,
4/1/1986,175.0918,1.4985,1.3879,0.7228,0.5613,1.9016,7.1603,7.2433,
5/1/1986,167.0314,1.5211,1.3757,0.7272,0.5667,1.8538,7.4106,7.1458,
6/1/1986,167.5419,1.5085,1.3899,0.6889,0.5459,1.8406,7.6117,7.2125,
7/1/1986,158.6059,1.5071,1.3808,0.6291,0.5318,1.7445,7.48,7.0715,
8/1/1986,154.1771,1.4861,1.3885,0.6123,0.5007,1.6616,7.3534,6.9365,
9/1/1986,154.7314,1.4698,1.3873,0.6221,0.4795,1.6537,7.3429,6.9191,
10/1/1986,156.4723,1.4264,1.3885,0.6383,0.5039,1.6433,7.361,6.8901,
11/1/1986,162.8494,1.4238,1.3863,0.6445,0.5138,1.6858,7.5401,6.9683,
12/1/1986,162.0523,1.4393,1.3801,0.6595,0.5134,1.6647,7.5294,6.9081,
1/1/1987,154.8295,1.5054,1.3606,0.6609,0.5361,1.5616,7.1731,6.6188,
2/1/1987,153.4068,1.528,1.334,0.6677,0.5481,1.5403,7.0067,6.5016,
3/1/1987,151.4332,1.5923,1.3194,0.6871,0.5633,1.5391,6.9335,6.4202,
4/1/1987,142.8986,1.6313,1.3192,0.7114,0.5775,1.4959,6.7756,6.3194,
5/1/1987,140.479,1.6666,1.3411,0.7142,0.5764,1.4705,6.6632,6.2606,
6/1/1987,144.5495,1.6288,1.3387,0.7179,0.5869,1.5085,6.7148,6.3482,
7/1/1987,150.2939,1.609,1.3262,0.7079,0.5964,1.5365,6.7632,6.4466,
8/1/1987,147.3343,1.5996,1.3256,0.7072,0.5892,1.5364,6.7911,6.4898,
9/1/1987,143.291,1.6446,1.3154,0.7268,0.6335,1.5029,6.6505,6.3844,
10/1/1987,143.32,1.662,1.3097,0.7112,0.6403,1.494,6.6311,6.356,
11/1/1987,135.3974,1.7754,1.3167,0.686,0.6191,1.3825,6.4233,6.0744,
12/1/1987,128.2418,1.8288,1.3075,0.7106,0.6466,1.3304,6.382,5.9473,
1/1/1988,127.6853,1.8009,1.2855,0.7111,0.6582,1.3466,6.3538,5.9749,
2/1/1988,129.1665,1.7582,1.2682,0.714,0.6639,1.3916,6.4167,6.0524,
3/1/1988,127.1139,1.833,1.2492,0.7329,0.6624,1.3863,6.3337,5.9497,
4/1/1988,124.8976,1.8782,1.2353,0.748,0.6614,1.3823,6.214,5.8892,
5/1/1988,124.7871,1.8695,1.2373,0.7774,0.6889,1.4111,6.1875,5.9091,
6/1/1988,127.4655,1.7768,1.2176,0.8076,0.7,1.4629,6.3951,6.1074,
7/1/1988,133.0215,1.7051,1.2075,0.8,0.6683,1.5343,6.7207,6.3542,
8/1/1988,133.7661,1.6965,1.2237,0.8057,0.6481,1.5837,6.9016,6.4878,
9/1/1988,134.3176,1.684,1.2267,0.7915,0.6148,1.5764,6.915,6.4448,
10/1/1988,128.6805,1.7388,1.2055,0.8096,0.6211,1.5372,6.74,6.2694,
11/1/1988,123.202,1.8085,1.2186,0.8507,0.6407,1.4675,6.5796,6.0968,
12/1/1988,123.6076,1.8258,1.1962,0.8573,0.6362,1.4799,6.5235,6.0888,
1/1/1989,127.3625,1.7737,1.1913,0.8705,0.6241,1.5619,6.6808,6.2725,
2/1/1989,127.7374,1.7534,1.1891,0.8564,0.6163,1.574,6.7254,6.3238,
3/1/1989,130.5504,1.7134,1.1954,0.8169,0.6155,1.611,6.8059,6.3933,
4/1/1989,132.0365,1.7008,1.1888,0.8035,0.6117,1.6469,6.7964,6.3689,
5/1/1989,137.8636,1.6307,1.1925,0.7736,0.6072,1.729,7.0337,6.5756,
6/1/1989,143.9809,1.553,1.1986,0.7561,0.5738,1.7089,7.1852,6.6872,
7/1/1989,140.424,1.6268,1.1891,0.7566,0.5754,1.6281,6.9479,6.4653,
8/1/1989,141.4852,1.5947,1.1758,0.7635,0.5922,1.6605,7.048,6.5481,
9/1/1989,145.07,1.5715,1.1828,0.7727,0.5914,1.6866,7.1265,6.6103,
10/1/1989,142.2067,1.5874,1.1749,0.7742,0.5871,1.6302,6.9502,6.458,
11/1/1989,143.5343,1.5726,1.1697,0.783,0.5877,1.6189,6.901,6.4306,
12/1/1989,143.685,1.5965,1.1613,0.7859,0.5946,1.5686,6.7021,6.292,
1/1/1990,144.9819,1.6512,1.172,0.7811,0.6022,1.5175,6.5462,6.1776,
2/1/1990,145.6932,1.6961,1.1965,0.7593,0.5916,1.4879,6.476,6.125,
3/1/1990,153.3082,1.6245,1.18,0.7556,0.5847,1.5133,6.5972,6.1683,
4/1/1990,158.4586,1.6372,1.1641,0.7637,0.5788,1.4866,6.5457,6.116,
5/1/1990,154.0441,1.6774,1.1747,0.7611,0.5729,1.4198,6.4477,6.056,
6/1/1990,153.6957,1.7103,1.173,0.779,0.5825,1.425,6.47,6.0896,
7/1/1990,149.0395,1.8098,1.157,0.7908,0.5915,1.3924,6.2925,5.947,
8/1/1990,147.4609,1.9013,1.1448,0.8087,0.6129,1.3076,6.081,5.7754,
9/1/1990,138.4405,1.8794,1.1583,0.8251,0.6208,1.3069,6.0735,5.7663,
10/1/1990,129.5909,1.9456,1.16,0.8006,0.6113,1.2818,5.915,5.6411,
11/1/1990,129.2155,1.9642,1.1635,0.7729,0.6112,1.2569,5.7996,5.5633,
12/1/1990,133.889,1.9219,1.1603,0.7702,0.5957,1.2814,5.8717,5.6338,
1/1/1991,133.6986,1.9346,1.156,0.7793,0.5948,1.2714,5.8993,5.6345,
2/1/1991,130.5358,1.9641,1.1549,0.7835,0.6012,1.2685,5.7919,5.5516,
3/1/1991,137.3867,1.8214,1.1572,0.7711,0.5939,1.3918,6.2899,5.9081,
4/1/1991,137.1127,1.7497,1.1535,0.7795,0.5891,1.4399,6.6198,6.1145,
5/1/1991,138.2218,1.7238,1.1499,0.7743,0.5865,1.4574,6.6953,6.1578,
6/1/1991,139.7475,1.6497,1.1439,0.7598,0.5765,1.5297,6.9542,6.4235,
7/1/1991,137.83,1.6513,1.1493,0.7716,0.5668,1.5481,6.9627,6.4609,
8/1/1991,136.8164,1.6841,1.1452,0.7823,0.5735,1.5201,6.8118,6.3311,
9/1/1991,134.2995,1.7265,1.137,0.7937,0.5799,1.4803,6.6266,6.1652,
10/1/1991,130.7723,1.7231,1.1279,0.7925,0.5631,1.4781,6.6136,6.1552,
11/1/1991,129.6321,1.7796,1.1302,0.7866,0.5635,1.4348,6.3643,5.9246,
12/1/1991,128.0395,1.8272,1.1467,0.7712,0.5526,1.3855,6.1558,5.7158,
1/1/1992,125.4614,1.809,1.1571,0.7476,0.5419,1.4039,6.2044,5.7461,
2/1/1992,127.6989,1.7778,1.1825,0.7518,0.5418,1.4561,6.3472,5.8764,
3/1/1992,132.8627,1.7238,1.1928,0.7586,0.5479,1.5094,6.5188,6.0263,
4/1/1992,133.5395,1.7566,1.1874,0.7624,0.5414,1.5194,6.4606,5.9667,
5/1/1992,130.771,1.8095,1.1991,0.7559,0.5351,1.4907,6.3311,5.8462,
6/1/1992,126.8355,1.8551,1.196,0.7556,0.542,1.425,6.1493,5.6792,
7/1/1992,125.8817,1.9177,1.1924,0.7451,0.5461,1.3347,5.8581,5.4084,
8/1/1992,126.231,1.9434,1.1907,0.7248,0.5406,1.2966,5.712,5.2745,
9/1/1992,122.5967,1.8465,1.2225,0.7225,0.5411,1.278,5.8116,5.3685,
10/1/1992,121.1652,1.6529,1.2453,0.7148,0.5394,1.3176,6.0562,5.6006,
11/1/1992,123.88,1.5268,1.2674,0.6898,0.52,1.4291,6.4714,6.2528,
12/1/1992,124.0409,1.551,1.2725,0.6897,0.5157,1.4219,6.6804,6.8903,
1/1/1993,124.9932,1.5325,1.2779,0.673,0.5127,1.4774,6.8721,7.2536,
2/1/1993,120.7595,1.4395,1.2602,0.6829,0.516,1.5178,6.9779,7.5566,
3/1/1993,117.0174,1.4617,1.2471,0.7078,0.5303,1.5206,6.9989,7.7362,
4/1/1993,112.4114,1.5447,1.2621,0.7115,0.539,1.4599,6.7738,7.45,
5/1/1993,110.343,1.5477,1.2698,0.6986,0.5429,1.4504,6.8027,7.3271,
6/1/1993,107.4118,1.5082,1.2789,0.6749,0.5395,1.4769,6.9986,7.4541,
7/1/1993,107.6914,1.4955,1.282,0.6779,0.549,1.5147,7.3179,7.9802,
8/1/1993,103.765,1.4914,1.308,0.6774,0.5526,1.4966,7.3579,8.0466,
9/1/1993,105.5748,1.5248,1.3215,0.6517,0.5516,1.4182,7.0829,8.017,
10/1/1993,107.02,1.5023,1.3263,0.661,0.5526,1.4432,7.1755,8.0195,
11/1/1993,107.8765,1.4808,1.3174,0.6647,0.5479,1.4969,7.3882,8.2661,
12/1/1993,109.913,1.4913,1.3308,0.6736,0.5563,1.4634,7.4211,8.3501,
1/1/1994,111.4415,1.4923,1.3173,0.6961,0.5626,1.4716,7.5064,8.1185,
2/1/1994,106.3011,1.4792,1.3424,0.7161,0.5744,1.4565,7.4885,7.9869,
3/1/1994,105.0974,1.4919,1.3644,0.7109,0.5709,1.4292,7.3419,7.9156,
4/1/1994,103.4843,1.4823,1.383,0.7156,0.5691,1.4383,7.368,7.885,
5/1/1994,103.7533,1.5042,1.3808,0.7243,0.5835,1.4125,7.1789,7.7181,
6/1/1994,102.5264,1.5262,1.3836,0.7329,0.5912,1.3727,7.0686,7.7968,
7/1/1994,98.445,1.5467,1.3826,0.7341,0.6006,1.3239,6.856,7.7471,
8/1/1994,99.9404,1.5422,1.3783,0.7401,0.6012,1.3184,6.8644,7.742,
9/1/1994,98.7743,1.5661,1.354,0.742,0.603,1.2892,6.7961,7.5227,
10/1/1994,98.353,1.6064,1.3503,0.7379,0.609,1.2648,6.6166,7.2631,
11/1/1994,98.044,1.5892,1.3647,0.7549,0.6209,1.2956,6.7297,7.3637,
12/1/1994,100.1824,1.5587,1.3893,0.7739,0.6373,1.3289,6.8561,7.5161,
1/1/1995,99.766,1.5746,1.4132,0.7647,0.6402,1.2863,6.6968,7.4775,
2/1/1995,98.2368,1.572,1.4005,0.7447,0.6345,1.2715,6.5974,7.3914,
3/1/1995,90.5196,1.6002,1.4077,0.7345,0.646,1.1709,6.273,7.2787,
4/1/1995,83.6895,1.6073,1.3762,0.7356,0.6672,1.1384,6.205,7.3455,
5/1/1995,85.1127,1.5874,1.3609,0.7272,0.6674,1.1693,6.298,7.3072,
6/1/1995,84.6355,1.5948,1.3775,0.7196,0.6695,1.1588,6.2387,7.2631,
7/1/1995,87.397,1.5952,1.3612,0.7279,0.6742,1.1556,6.171,7.1749,
8/1/1995,94.7383,1.5668,1.3552,0.7414,0.6569,1.1962,6.3438,7.2383,
9/1/1995,100.5455,1.559,1.3509,0.7537,0.6561,1.1868,6.3943,7.1227,
10/1/1995,100.839,1.5779,1.3458,0.757,0.659,1.1453,6.2397,6.8301,
11/1/1995,101.94,1.5625,1.3534,0.7453,0.6522,1.1437,6.2536,6.6088,
12/1/1995,101.8495,1.5405,1.3693,0.7405,0.65,1.1631,6.3579,6.6393,
1/1/1996,105.7514,1.5288,1.3669,0.7417,0.6619,1.1818,6.4275,6.7405,
2/1/1996,105.788,1.536,1.3752,0.7556,0.6749,1.1967,6.4103,6.8775,
3/1/1996,105.94,1.5271,1.3656,0.7714,0.6808,1.1959,6.4277,6.7318,
4/1/1996,107.1995,1.516,1.3592,0.7857,0.6824,1.218,6.4901,6.7141,
5/1/1996,106.3423,1.5152,1.3693,0.797,0.6857,1.2539,6.5748,6.7984,
6/1/1996,108.96,1.5416,1.3658,0.7912,0.6765,1.2579,6.5376,6.6807,
7/1/1996,109.1909,1.553,1.3697,0.7897,0.69,1.232,6.4465,6.6394,
8/1/1996,107.8659,1.5499,1.3722,0.783,0.6886,1.2029,6.4153,6.6211,
9/1/1996,109.931,1.5593,1.3694,0.7928,0.6964,1.2343,6.4613,6.6427,
10/1/1996,112.4123,1.5863,1.3508,0.7918,0.7007,1.2586,6.481,6.6006,
11/1/1996,112.2958,1.6623,1.3381,0.7968,0.7098,1.2752,6.3554,6.6269,
12/1/1996,113.981,1.6639,1.3622,0.7966,0.705,1.329,6.4716,6.8283,
1/1/1997,117.9124,1.6585,1.3494,0.7776,0.7009,1.3913,6.4589,7.0692,
2/1/1997,122.9621,1.6256,1.3556,0.7677,0.6908,1.4541,6.6323,7.4069,
3/1/1997,122.7738,1.6096,1.3725,0.7875,0.6979,1.4634,6.7915,7.6502,
4/1/1997,125.6377,1.6293,1.3942,0.7787,0.6922,1.4618,6.9932,7.6942,
5/1/1997,119.1924,1.6322,1.3804,0.7751,0.691,1.4331,7.0797,7.6856,
6/1/1997,114.2857,1.6449,1.3843,0.7542,0.6871,1.4424,7.224,7.7506,
7/1/1997,115.3759,1.6694,1.3775,0.742,0.661,1.4824,7.4545,7.8188,
8/1/1997,117.9295,1.6035,1.3905,0.7404,0.6421,1.5128,7.6224,7.9886,
9/1/1997,120.89,1.6013,1.3872,0.7231,0.636,1.4702,7.3008,7.6887,
10/1/1997,121.0605,1.633,1.3869,0.7197,0.6356,1.4516,7.0807,7.5765,
11/1/1997,125.3817,1.6889,1.4128,0.6953,0.6242,1.4069,7.0588,7.5595,
12/1/1997,129.7341,1.6597,1.4271,0.6619,0.5914,1.4393,7.263,7.7977,
1/1/1998,129.5475,1.635,1.4409,0.6566,0.5793,1.4748,7.5007,8.0193,
2/1/1998,125.8516,1.6408,1.4334,0.6744,0.5829,1.4631,7.553,8.0723,
3/1/1998,129.0823,1.6619,1.4166,0.6696,0.5726,1.4901,7.5833,7.9677,
4/1/1998,131.7536,1.6723,1.4298,0.6523,0.5534,1.5051,7.5315,7.8238,
5/1/1998,134.896,1.6382,1.4452,0.6312,0.5388,1.479,7.4539,7.7026,
6/1/1998,140.3305,1.6504,1.4655,0.6046,0.5123,1.4949,7.5785,7.9174,
7/1/1998,140.7874,1.6437,1.4869,0.618,0.5185,1.5136,7.6246,7.9942,
8/1/1998,144.68,1.6342,1.5346,0.5888,0.5011,1.4933,7.7248,8.1282,
9/1/1998,134.4805,1.6823,1.5218,0.5889,0.5044,1.4,7.5564,7.8816,
10/1/1998,121.0486,1.6944,1.5452,0.6179,0.5213,1.3373,7.4294,7.8395,
11/1/1998,120.2895,1.6611,1.5404,0.6349,0.534,1.3852,7.4562,8.014,
12/1/1998,117.0709,1.6708,1.5433,0.6182,0.5223,1.3604,7.605,8.0716,
1/1/1999,113.29,1.6498,1.5194,0.632,0.5388,1.3856,7.4532,7.8188,1.1591
2/1/1999,116.6684,1.6276,1.4977,0.6399,0.5435,1.4272,7.724,7.9532,1.1203
3/1/1999,119.473,1.6213,1.5176,0.6308,0.5323,1.466,7.8151,8.2144,1.0886
4/1/1999,119.7723,1.6089,1.4881,0.642,0.5427,1.4971,7.775,8.3293,1.0701
5/1/1999,121.9995,1.6154,1.4611,0.6628,0.553,1.5078,7.7496,8.4432,1.063
6/1/1999,120.7245,1.595,1.4695,0.6563,0.5325,1.5374,7.8749,8.5065,1.0377
7/1/1999,119.3305,1.5751,1.489,0.6562,0.5261,1.5474,7.9029,8.4431,1.037
8/1/1999,113.2268,1.6058,1.4932,0.6446,0.5259,1.5093,7.8036,8.2589,1.0605
9/1/1999,106.8752,1.6247,1.4771,0.6495,0.523,1.5262,7.8361,8.2264,1.0497
10/1/1999,105.965,1.6572,1.4776,0.6509,0.5142,1.4896,7.7402,8.1492,1.0706
11/1/1999,104.6485,1.6205,1.4674,0.6388,0.5122,1.5543,7.9367,8.3586,1.0328
12/1/1999,102.5843,1.6132,1.4722,0.641,0.5087,1.5841,8.0113,8.491,1.011
1/1/2000,105.296,1.6404,1.4486,0.656,0.5127,1.5903,8.0241,8.4918,1.0131
2/1/2000,109.3885,1.6,1.4512,0.6278,0.4903,1.6348,8.2374,8.648,0.9834
3/1/2000,106.3074,1.5799,1.4608,0.6094,0.4902,1.6636,8.41,8.6971,0.9643
4/1/2000,105.627,1.5823,1.4689,0.596,0.496,1.6657,8.6272,8.7486,0.9449
5/1/2000,108.3205,1.509,1.4957,0.5784,0.4708,1.719,9.0533,9.0925,0.9059
6/1/2000,106.1255,1.5092,1.477,0.5949,0.4705,1.642,8.6807,8.7471,0.9505
7/1/2000,108.2115,1.5076,1.4778,0.587,0.4597,1.6519,8.7185,8.964,0.9386
8/1/2000,108.0804,1.4889,1.4828,0.5808,0.4452,1.7149,8.9526,9.2771,0.9045
9/1/2000,106.8375,1.4336,1.4864,0.5521,0.4171,1.7586,9.2331,9.6853,0.8695
10/1/2000,108.4429,1.4506,1.5125,0.528,0.4001,1.7745,9.3794,9.993,0.8525
11/1/2000,109.0095,1.4258,1.5426,0.5218,0.399,1.7779,9.3524,10.0965,0.8552
12/1/2000,112.209,1.4629,1.5219,0.5466,0.4297,1.6855,9.0616,9.6604,0.8983
1/1/2001,116.6719,1.4775,1.5032,0.5552,0.4442,1.6305,8.7817,9.491,0.9376
2/1/2001,116.2337,1.4525,1.5216,0.5338,0.4345,1.6686,8.918,9.7518,0.9205
3/1/2001,121.505,1.4445,1.5587,0.5031,0.4182,1.6908,8.9859,10.0516,0.9083
4/1/2001,123.771,1.4348,1.5578,0.5016,0.4069,1.7131,9.092,10.2035,0.8925
5/1/2001,121.7682,1.4265,1.5411,0.5199,0.4218,1.7528,9.138,10.3513,0.8753
6/1/2001,122.351,1.402,1.5245,0.518,0.4141,1.7856,9.3014,10.793,0.853
7/1/2001,124.4981,1.4148,1.5308,0.5089,0.4081,1.757,9.2566,10.7603,0.8615
8/1/2001,121.367,1.4372,1.5399,0.5246,0.4314,1.6808,8.9427,10.3329,0.9014
9/1/2001,118.6117,1.4638,1.5679,0.5036,0.4173,1.6338,8.7691,10.6353,0.9114
10/1/2001,121.4536,1.4501,1.5717,0.5042,0.4139,1.6357,8.8329,10.5661,0.905
11/1/2001,122.4055,1.4356,1.5922,0.5165,0.4158,1.6509,8.9296,10.6117,0.8883
12/1/2001,127.5945,1.4413,1.5788,0.5138,0.4157,1.6566,8.9713,10.5753,0.8912
1/1/2002,132.6833,1.4322,1.5997,0.517,0.4245,1.6709,8.9684,10.4561,0.8832
2/1/2002,133.6426,1.4227,1.5964,0.5128,0.4187,1.697,8.9492,10.5501,0.8707
3/1/2002,131.061,1.423,1.5877,0.5256,0.4333,1.6743,8.8072,10.3324,0.8766
4/1/2002,130.7718,1.4429,1.5815,0.5352,0.4428,1.6542,8.6102,10.307,0.886
5/1/2002,126.375,1.4598,1.5502,0.5498,0.461,1.5889,8.205,10.0642,0.917
6/1/2002,123.2905,1.4837,1.5318,0.5682,0.4886,1.5399,7.7533,9.5376,0.9561
7/1/2002,117.8991,1.5565,1.5456,0.5538,0.4809,1.4718,7.4694,9.3474,0.9935
8/1/2002,118.9927,1.5368,1.5694,0.5413,0.4635,1.4972,7.6042,9.461,0.9781
9/1/2002,121.078,1.5563,1.5761,0.5465,0.4702,1.4931,7.5018,9.34,0.9806
10/1/2002,123.9077,1.5575,1.578,0.5502,0.4818,1.4932,7.4873,9.2846,0.9812
11/1/2002,121.6079,1.5711,1.5715,0.5613,0.4973,1.4658,7.3157,9.0652,1.0013
12/1/2002,121.8929,1.5863,1.5592,0.5624,0.5108,1.4388,7.1557,8.9303,1.0194
1/1/2003,118.8133,1.6175,1.5414,0.5829,0.5398,1.3765,6.9138,8.6368,1.0622
2/1/2003,119.3379,1.6079,1.5121,0.5956,0.5539,1.3602,7.0004,8.4837,1.0785
3/1/2003,118.6871,1.5825,1.4761,0.6015,0.5537,1.3614,7.276,8.544,1.0797
4/1/2003,119.895,1.5739,1.4582,0.61,0.5518,1.3783,7.2032,8.4314,1.0862
5/1/2003,117.3681,1.6224,1.384,0.6468,0.5756,1.3111,6.8145,7.9213,1.1556
6/1/2003,118.329,1.6609,1.3525,0.6652,0.5815,1.3196,7.0093,7.8116,1.1674
7/1/2003,118.6959,1.6221,1.3821,0.6607,0.5864,1.3611,7.2924,8.0929,1.1365
8/1/2003,118.6624,1.5939,1.3963,0.6518,0.5829,1.3811,7.4096,8.2821,1.1155
9/1/2003,114.8,1.6155,1.3634,0.6635,0.5843,1.3743,7.2782,8.0426,1.1267
10/1/2003,109.4955,1.6792,1.3221,0.6948,0.602,1.3222,7.0331,7.6957,1.1714
11/1/2003,109.1778,1.6897,1.313,0.7158,0.6285,1.3318,7.0054,7.6799,1.171
12/1/2003,107.7377,1.7516,1.3128,0.7391,0.6471,1.2643,6.7128,7.3395,1.2298
1/1/2004,106.2685,1.8255,1.2958,0.7717,0.6738,1.2391,6.8117,7.2334,1.2638
2/1/2004,106.7079,1.8673,1.3299,0.777,0.6916,1.2448,6.9508,7.263,1.264
3/1/2004,108.5157,1.8261,1.3286,0.7496,0.6607,1.2778,6.9598,7.5322,1.2261
4/1/2004,107.6564,1.8031,1.342,0.7443,0.6415,1.2969,6.9263,7.6496,1.1989
5/1/2004,112.196,1.786,1.3789,0.7039,0.6151,1.2839,6.8428,7.6097,1.2
6/1/2004,109.4336,1.8279,1.3578,0.6937,0.6284,1.2503,6.8279,7.5323,1.2146
7/1/2004,109.4871,1.8438,1.3225,0.7161,0.6467,1.2452,6.9126,7.5027,1.2266
8/1/2004,110.2336,1.8203,1.3127,0.7111,0.6561,1.2623,6.8369,7.5362,1.2191
9/1/2004,110.0914,1.7937,1.2881,0.7028,0.6594,1.2629,6.8416,7.4356,1.2224
10/1/2004,108.7835,1.8077,1.2469,0.7337,0.6846,1.233,6.5809,7.2453,1.2507
11/1/2004,104.699,1.8607,1.1968,0.7704,0.7009,1.1711,6.27,6.9257,1.2997
12/1/2004,103.8104,1.9286,1.2189,0.7675,0.7149,1.1465,6.1355,6.6969,1.3406
1/1/2005,103.341,1.8797,1.2248,0.7668,0.7065,1.1792,6.2672,6.8991,1.3123
2/1/2005,104.9442,1.8871,1.2401,0.7812,0.7155,1.1918,6.396,6.98,1.3013
3/1/2005,105.2543,1.9043,1.216,0.7848,0.73,1.1756,6.2116,6.8954,1.3185
4/1/2005,107.1938,1.8961,1.2359,0.7738,0.7209,1.1954,6.3147,7.0814,1.2943
5/1/2005,106.5952,1.8559,1.2555,0.7663,0.7191,1.2172,6.3656,7.2382,1.2697
6/1/2005,108.7473,1.8177,1.2402,0.7667,0.7083,1.2665,6.4936,7.6229,1.2155
7/1/2005,111.9535,1.7507,1.2229,0.7524,0.6789,1.2945,6.5783,7.8263,1.2041
8/1/2005,110.6065,1.7944,1.2043,0.7614,0.6956,1.2629,6.4367,7.5951,1.2295
9/1/2005,111.239,1.8064,1.1777,0.7651,0.6987,1.2671,6.383,7.63,1.2234
10/1/2005,114.8695,1.7651,1.1774,0.7535,0.6983,1.288,6.5103,7.8433,1.2022
11/1/2005,118.454,1.7349,1.1815,0.7353,0.6897,1.311,6.6399,8.1157,1.1789
12/1/2005,118.4624,1.7458,1.1615,0.7423,0.6947,1.3053,6.7242,7.9518,1.1861
1/1/2006,115.4765,1.7686,1.1572,0.7505,0.6872,1.2773,6.6287,7.6697,1.2126
2/1/2006,117.8605,1.748,1.1489,0.7418,0.6735,1.3052,6.7526,7.8226,1.194
3/1/2006,117.2778,1.7442,1.1573,0.7266,0.6342,1.305,6.6317,7.8109,1.2028
4/1/2006,117.0695,1.768,1.1441,0.7369,0.622,1.283,6.3922,7.6005,1.2273
5/1/2006,111.7305,1.8687,1.11,0.7639,0.6311,1.219,6.104,7.305,1.2767
6/1/2006,114.625,1.8435,1.1137,0.7399,0.619,1.2321,6.207,7.2949,1.2661
7/1/2006,115.767,1.8443,1.1294,0.7528,0.6178,1.2376,6.2617,7.2654,1.2681
8/1/2006,115.9243,1.8941,1.1182,0.7631,0.6348,1.2318,6.2423,7.189,1.281
9/1/2006,117.2145,1.8839,1.1161,0.7549,0.6551,1.2455,6.5008,7.2844,1.2722
10/1/2006,118.609,1.8765,1.1285,0.7544,0.6621,1.2602,6.6591,7.3338,1.2617
11/1/2006,117.3205,1.9125,1.1359,0.7728,0.6693,1.2356,6.3991,7.0612,1.2888
12/1/2006,117.322,1.9629,1.1532,0.7858,0.6933,1.2099,6.1826,6.8398,1.3205
1/1/2007,120.4471,1.9587,1.1763,0.7826,0.6947,1.2431,6.3656,6.9901,1.2993
2/1/2007,120.5047,1.9589,1.171,0.783,0.6934,1.2393,6.186,7.02,1.308
3/1/2007,117.26,1.9474,1.1682,0.7932,0.6995,1.2178,6.1401,7.0171,1.3246
4/1/2007,118.9324,1.9879,1.135,0.8273,0.7345,1.2124,6.0098,6.8371,1.3513
5/1/2007,120.7732,1.9842,1.0951,0.8254,0.7334,1.2211,6.022,6.8094,1.3518
6/1/2007,122.6886,1.9867,1.0651,0.8423,0.757,1.233,5.998,6.9485,1.3421
7/1/2007,121.4148,2.0355,1.0502,0.8677,0.7862,1.2069,5.7807,6.6933,1.3726
8/1/2007,116.7335,2.011,1.0579,0.8291,0.7259,1.2027,5.8492,6.8429,1.3626
9/1/2007,115.0435,2.0184,1.0267,0.8461,0.7188,1.1852,5.6256,6.6713,1.391
10/1/2007,115.8661,2.0449,0.9754,0.8996,0.7603,1.1741,5.4023,6.4439,1.4233
11/1/2007,111.0729,2.0701,0.9672,0.8961,0.7631,1.1233,5.4156,6.3242,1.4683
12/1/2007,112.449,2.0161,1.0021,0.8719,0.769,1.1402,5.5,6.4764,1.4559
1/1/2008,107.8181,1.9702,1.0099,0.8823,0.774,1.1006,5.3993,6.3978,1.4728
2/1/2008,107.03,1.9646,0.9986,0.9133,0.7969,1.089,5.3851,6.345,1.4759
3/1/2008,100.7562,2.0015,1.0029,0.9221,0.8004,1.0126,5.1495,6.0613,1.552
4/1/2008,102.6777,1.9816,1.0137,0.9309,0.7897,1.0138,5.0541,5.947,1.5754
5/1/2008,104.3595,1.965,0.9993,0.9492,0.7777,1.0448,5.0571,5.9887,1.5554
6/1/2008,106.9152,1.9664,1.0166,0.9511,0.7616,1.0371,5.1351,6.0249,1.5562
7/1/2008,106.8518,1.9888,1.013,0.962,0.7546,1.0283,5.1058,6.0015,1.5759
8/1/2008,109.3624,1.8865,1.0535,0.8815,0.7091,1.0841,5.3331,6.2845,1.4955
9/1/2008,106.5748,1.7973,1.0582,0.8168,0.6739,1.1102,5.6958,6.6816,1.4342
10/1/2008,99.9659,1.6862,1.1847,0.687,0.6077,1.1429,6.4973,7.4435,1.3266
11/1/2008,96.9656,1.5327,1.2171,0.6591,0.5664,1.191,6.929,7.9612,1.2744
12/1/2008,91.275,1.4854,1.2337,0.6719,0.5597,1.1404,7.0159,8.0124,1.3511
1/1/2009,90.1205,1.4462,1.2248,0.6754,0.551,1.1267,6.9566,8.1044,1.3244
2/1/2009,92.9158,1.4422,1.2452,0.6504,0.516,1.1639,6.871,8.5455,1.2797
3/1/2009,97.855,1.417,1.2645,0.6666,0.5336,1.1555,6.7855,8.5727,1.305
4/1/2009,98.92,1.4712,1.2242,0.7158,0.5729,1.1481,6.6557,8.2297,1.3199
5/1/2009,96.6445,1.5418,1.1528,0.7648,0.6014,1.1076,6.4504,7.7602,1.3646
6/1/2009,96.6145,1.6369,1.1264,0.8025,0.6386,1.0809,6.3915,7.767,1.4014
7/1/2009,94.367,1.6378,1.1229,0.8049,0.6444,1.078,6.3566,7.6843,1.4092
8/1/2009,94.8971,1.6532,1.0872,0.8353,0.6766,1.0683,6.0705,7.1562,1.4266
9/1/2009,91.2748,1.6323,1.0816,0.8622,0.7046,1.0391,5.9006,6.9941,1.4575
10/1/2009,90.3671,1.6212,1.0547,0.9067,0.7386,1.0213,5.6428,6.955,1.4821
11/1/2009,89.2674,1.6599,1.0593,0.9197,0.7301,1.0131,5.643,6.9267,1.4908
12/1/2009,89.9509,1.6226,1.0537,0.9021,0.7169,1.0301,5.7708,7.1384,1.4579
1/1/2010,91.1011,1.6158,1.0438,0.9127,0.7263,1.0345,5.7402,7.1534,1.4266
2/1/2010,90.1395,1.5618,1.0572,0.8857,0.6973,1.0722,5.9182,7.2683,1.368
3/1/2010,90.7161,1.5058,1.0229,0.9123,0.7036,1.0666,5.9204,7.163,1.357
4/1/2010,93.4527,1.5332,1.0052,0.9262,0.7122,1.069,5.9169,7.2026,1.3417
5/1/2010,91.973,1.4669,1.0403,0.8713,0.6984,1.1295,6.2872,7.7042,1.2563
6/1/2010,90.8059,1.4768,1.0376,0.8539,0.6926,1.1255,6.4728,7.8261,1.2223
7/1/2010,87.5005,1.5304,1.0422,0.8786,0.7145,1.053,6.2633,7.4066,1.2811
8/1/2010,85.3727,1.5661,1.0404,0.9004,0.715,1.0388,6.1481,7.3015,1.2903
9/1/2010,84.3571,1.5591,1.033,0.9398,0.7288,1.0002,6.0431,7.0397,1.3103
10/1/2010,81.7285,1.5867,1.0179,0.9818,0.752,0.9686,5.8322,6.677,1.3901
11/1/2010,82.518,1.5961,1.0129,0.9889,0.7723,0.9847,5.9645,6.8201,1.3654
12/1/2010,83.3376,1.5595,1.0081,0.9929,0.7511,0.9689,5.9833,6.8524,1.3221
1/1/2011,82.625,1.5782,0.9939,0.9962,0.7656,0.9565,5.8561,6.6673,1.3371
2/1/2011,82.5368,1.6124,0.9876,1.0084,0.762,0.95,5.7319,6.4342,1.3656
3/1/2011,81.647,1.6159,0.9766,1.0113,0.7423,0.9185,5.5913,6.3493,1.402
4/1/2011,83.1771,1.6379,0.958,1.0588,0.7894,0.8972,5.4015,6.199,1.446
5/1/2011,81.1257,1.6332,0.968,1.0675,0.7959,0.874,5.4766,6.2526,1.4335
6/1/2011,80.4259,1.6219,0.9766,1.0617,0.8157,0.8401,5.4366,6.3273,1.4403
7/1/2011,79.2425,1.6158,0.9553,1.0781,0.848,0.8214,5.4502,6.3957,1.4275
8/1/2011,76.9657,1.6356,0.9817,1.0502,0.8379,0.78,5.4353,6.397,1.4333
9/1/2011,76.7957,1.5771,1.0025,1.022,0.8119,0.8767,5.6257,6.646,1.3747
10/1/2011,76.643,1.5768,1.0198,1.0168,0.7912,0.8958,5.6405,6.6396,1.3732
11/1/2011,77.5595,1.5806,1.0248,1.0112,0.7714,0.9079,5.7405,6.7377,1.3558
12/1/2011,77.7967,1.5587,1.0235,1.0122,0.7699,0.9334,5.8912,6.8553,1.3155
1/1/2012,76.964,1.5524,1.013,1.0415,0.8015,0.9376,5.9424,6.8463,1.291
2/1/2012,78.47,1.5804,0.9967,1.0732,0.8349,0.9118,5.7097,6.6619,1.3238
3/1/2012,82.4659,1.5824,0.9938,1.0526,0.8201,0.9131,5.7074,6.7319,1.3208
4/1/2012,81.2524,1.6,0.9928,1.035,0.818,0.9133,5.7521,6.7359,1.316
5/1/2012,79.6668,1.5924,1.0097,0.998,0.7748,0.9383,5.9151,7.028,1.2806
6/1/2012,79.3152,1.5556,1.028,0.9986,0.7806,0.9576,6.0146,7.0746,1.2541
7/1/2012,78.9348,1.5593,1.0142,1.03,0.7986,0.9783,6.069,6.9504,1.2278
8/1/2012,78.6909,1.5722,0.9924,1.0475,0.8104,0.9681,5.9012,6.6758,1.2406
9/1/2012,78.1353,1.6126,0.9783,1.0406,0.8199,0.9386,5.7467,6.596,1.2885
10/1/2012,79.0132,1.608,0.9872,1.0298,0.8197,0.9323,5.7078,6.64,1.2974
11/1/2012,81.0305,1.5968,0.997,1.0405,0.8195,0.9388,5.718,6.7059,1.2837
12/1/2012,83.7905,1.6145,0.9898,1.0465,0.8312,0.9213,5.6103,6.5936,1.3119
1/1/2013,89.0581,1.5965,0.9921,1.05,0.837,0.9234,5.55,6.4801,1.3304
2/1/2013,93.0016,1.5474,1.0098,1.031,0.8385,0.9212,5.5648,6.3756,1.3347
3/1/2013,94.77,1.508,1.0244,1.0345,0.8284,0.9466,5.7806,6.4455,1.2953
4/1/2013,97.7582,1.5311,1.0187,1.038,0.8479,0.9366,5.7935,6.4867,1.3025
5/1/2013,100.9186,1.5297,1.0196,0.9919,0.8249,0.9557,5.8202,6.5992,1.2983
6/1/2013,97.235,1.5493,1.0314,0.944,0.7904,0.9331,5.8759,6.5848,1.3197
7/1/2013,99.6727,1.5179,1.0402,0.9155,0.7885,0.9449,6.0246,6.6161,1.3088
8/1/2013,97.8123,1.5505,1.0407,0.9037,0.7916,0.9261,5.9677,6.5365,1.3314
9/1/2013,99.21,1.5885,1.0342,0.9303,0.8163,0.9231,5.9662,6.4896,1.3364
10/1/2013,97.77,1.6098,1.0363,0.9519,0.8345,0.9025,5.9491,6.408,1.3646
11/1/2013,100.0737,1.61,1.0486,0.9324,0.8259,0.9129,6.0856,6.5863,1.3491
12/1/2013,103.46,1.6383,1.0639,0.898,0.8224,0.8933,6.1342,6.5328,1.3708
1/1/2014,103.7614,1.647,1.094,0.8858,0.8275,0.9038,6.1622,6.4862,1.3618
2/1/2014,102.1253,1.6558,1.1054,0.8974,0.8297,0.8937,6.1147,6.493,1.3665
3/1/2014,102.3395,1.6624,1.1107,0.9089,0.8539,0.8805,5.9955,6.4114,1.3828
4/1/2014,102.4582,1.6748,1.0992,0.9315,0.8606,0.8828,5.979,6.5488,1.381
5/1/2014,101.7738,1.6842,1.0894,0.9305,0.8605,0.8883,5.9389,6.5719,1.3739
6/1/2014,102.0629,1.6908,1.083,0.9365,0.8621,0.8958,6.0437,6.6859,1.3595
7/1/2014,101.74,1.7066,1.0739,0.9389,0.8687,0.8978,6.1992,6.8189,1.3533
8/1/2014,102.9438,1.67,1.0926,0.9309,0.8437,0.9098,6.1935,6.8983,1.3315
9/1/2014,107.4257,1.629,1.1011,0.9042,0.8134,0.937,6.3525,7.1302,1.2889
10/1/2014,108.0264,1.6074,1.1212,0.8781,0.7876,0.9528,6.56,7.2456,1.2677
11/1/2014,116.2994,1.5771,1.1325,0.8644,0.7834,0.9642,6.809,7.4155,1.2473
12/1/2014,119.3233,1.5644,1.1532,0.8257,0.7766,0.9753,7.2772,7.6289,1.2329
1/1/2015,118.25,1.5142,1.2122,0.8064,0.7628,0.9443,7.6865,8.1131,1.1615
2/1/2015,118.76,1.5329,1.2499,0.7797,0.7454,0.9361,7.5861,8.3537,1.135
3/1/2015,120.3945,1.4958,1.2618,0.7724,0.746,0.9798,7.9952,8.5448,1.0819
4/1/2015,119.5095,1.4968,1.2337,0.774,0.7596,0.9595,7.8774,8.6321,1.0822
5/1/2015,120.798,1.5456,1.2176,0.7891,0.7383,0.9316,7.5503,8.335,1.1167
6/1/2015,123.7186,1.5576,1.2365,0.7715,0.6985,0.9321,7.8111,8.2653,1.1226
7/1/2015,123.3109,1.556,1.2863,0.7407,0.665,0.9547,8.1255,8.5325,1.0997
8/1/2015,123.0038,1.5578,1.3147,0.7295,0.6549,0.9685,8.2524,8.5515,1.1136
9/1/2015,120.1476,1.5338,1.3266,0.7059,0.6339,0.9725,8.2845,8.3659,1.1229
10/1/2015,120.0481,1.5343,1.3072,0.72,0.6693,0.9687,8.27,8.3314,1.1228
11/1/2015,122.6432,1.5194,1.3279,0.7146,0.6554,1.0098,8.6394,8.6829,1.0727
12/1/2015,121.635,1.4981,1.3713,0.7247,0.6748,0.9951,8.6971,8.4938,1.0889
1/1/2016,118.2258,1.4392,1.4208,0.7011,0.6534,1.0082,8.8194,8.5483,1.0855
2/1/2016,114.6155,1.429,1.3797,0.7134,0.6633,0.992,8.6127,8.4804,1.1092
3/1/2016,112.9317,1.4249,1.3226,0.7504,0.6745,0.9811,8.4754,8.3394,1.1134
4/1/2016,109.5519,1.4319,1.2818,0.7664,0.6892,0.9634,8.2082,8.111,1.1346
5/1/2016,108.8481,1.4524,1.2945,0.7318,0.6807,0.9777,8.2269,8.2154,1.1312
6/1/2016,105.3509,1.4197,1.2894,0.7401,0.7041,0.9695,8.3064,8.3043,1.1232
7/1/2016,104.191,1.3134,1.3052,0.7529,0.7132,0.983,8.4795,8.5722,1.1055
8/1/2016,101.2383,1.3101,1.2998,0.7629,0.7235,0.9711,8.3009,8.4693,1.1207
9/1/2016,101.7843,1.314,1.3108,0.7591,0.7312,0.9732,8.1957,8.5311,1.1218
10/1/2016,103.9075,1.233,1.3251,0.7615,0.7153,0.9876,8.1722,8.821,1.1014
11/1/2016,108.443,1.2432,1.3434,0.7532,0.7153,0.9963,8.4147,9.1266,1.0792
12/1/2016,115.9981,1.2483,1.3339,0.7346,0.7039,1.0194,8.5617,9.207,1.0545
1/1/2017,114.8721,1.2367,1.3183,0.7465,0.7132,1.0075,8.457,8.9451,1.0635
2/1/2017,112.9116,1.2495,1.3109,0.7664,0.7229,1.001,8.3215,8.9007,1.065
3/1/2017,112.9165,1.2347,1.3387,0.7622,0.7006,1.0015,8.5063,8.9147,1.0691
4/1/2017,110.091,1.2639,1.3437,0.7534,0.6969,1.0009,8.5855,8.9616,1.0714
5/1/2017,112.2436,1.2929,1.3606,0.7437,0.6946,0.9867,8.5059,8.7826,1.105
6/1/2017,110.9141,1.281,1.3295,0.7562,0.7233,0.9681,8.4594,8.6779,1.1233
7/1/2017,112.417,1.2996,1.269,0.7807,0.7358,0.9604,8.1473,8.3129,1.153
8/1/2017,109.827,1.2952,1.2608,0.7915,0.7303,0.9653,7.8885,8.0835,1.1813
9/1/2017,110.776,1.334,1.2279,0.7974,0.7259,0.9625,7.8382,8.0096,1.1913
10/1/2017,112.9148,1.3202,1.2607,0.7788,0.7041,0.9821,7.997,8.1776,1.1755
11/1/2017,112.819,1.3217,1.2773,0.762,0.6886,0.9915,8.1946,8.3893,1.1743
12/1/2017,112.9405,1.3404,1.2769,0.7648,0.6966,0.987,8.3178,8.3925,1.1836
1/1/2018,110.871,1.3824,1.2429,0.7956,0.7263,0.9604,7.9039,8.048,1.2197
2/1/2018,107.97,1.3961,1.2588,0.7867,0.7305,0.9355,7.8394,8.0542,1.234
3/1/2018,106.0468,1.3976,1.2933,0.7759,0.7258,0.948,7.7702,8.2406,1.2334
4/1/2018,107.6562,1.4079,1.2732,0.7684,0.7244,0.9687,7.8471,8.4596,1.227
5/1/2018,109.6882,1.347,1.2866,0.7525,0.6953,0.9969,8.0963,8.7555,1.1823
6/1/2018,110.0638,1.3294,1.3125,0.7498,0.6942,0.99,8.1104,8.801,1.1679
7/1/2018,111.521,1.3162,1.3133,0.7403,0.6789,0.9948,8.1307,8.8239,1.1685
8/1/2018,110.9965,1.2878,1.3042,0.7325,0.6669,0.988,8.3398,9.069,1.1547
9/1/2018,112.0974,1.3066,1.3034,0.7206,0.6598,0.9683,8.2464,8.9395,1.1667
10/1/2018,112.7218,1.3012,1.3004,0.7111,0.6537,0.994,8.2545,9.0391,1.1488
11/1/2018,113.338,1.29,1.3205,0.7247,0.6777,1.0011,8.4797,9.0676,1.1364
12/1/2018,112.1994,1.2664,1.3436,0.7169,0.6819,0.9919,8.6263,9.0303,1.138
1/1/2019,108.9605,1.2901,1.33,0.7151,0.6782,0.9897,8.5476,8.995,1.1418
2/1/2019,110.44,1.3016,1.3209,0.7136,0.683,1.0014,8.5855,9.2481,1.1349
3/1/2019,111.1443,1.3167,1.3371,0.7082,0.6835,1.0005,8.6072,9.2931,1.1296
4/1/2019,111.6414,1.3029,1.3378,0.7111,0.6715,1.0084,8.5623,9.328,1.1234
5/1/2019,109.9714,1.2855,1.346,0.6945,0.6562,1.0107,8.7387,9.5921,1.1187
6/1/2019,108.0685,1.2675,1.3289,0.6946,0.6602,0.988,8.6329,9.4085,1.1295
7/1/2019,108.2864,1.2461,1.3105,0.6978,0.6679,0.988,8.6196,9.4191,1.1211
8/1/2019,106.1886,1.216,1.3273,0.6775,0.6434,0.9787,8.9659,9.6467,1.1129
9/1/2019,107.54,1.2369,1.3241,0.6815,0.6345,0.9906,9.0053,9.7086,1.1011
10/1/2019,108.1368,1.2657,1.3189,0.6798,0.6337,0.993,9.1528,9.7675,1.1058
11/1/2019,108.8579,1.2884,1.3237,0.6827,0.6397,0.9929,9.15,9.6381,1.1051
12/1/2019,109.101,1.3109,1.3169,0.6887,0.6599,0.9826,9.024,9.4324,1.1114
1/1/2020,109.2667,1.3076,1.3089,0.6851,0.6601,0.9698,8.9615,9.5099,1.1098
2/1/2020,110.0295,1.2953,1.3286,0.6664,0.639,0.9762,9.2957,9.6881,1.0911
3/1/2020,107.6673,1.2369,1.396,0.6218,0.6056,0.9593,10.2403,9.8437,1.1046
4/1/2020,107.7386,1.242,1.4048,0.6312,0.6015,0.9701,10.4199,10.0164,1.0871
5/1/2020,107.2,1.2302,1.3972,0.6517,0.6087,0.9692,10.0926,9.7286,1.0907
6/1/2020,107.5782,1.2523,1.3552,0.6899,0.6448,0.9513,9.533,9.3105,1.1259
7/1/2020,106.6818,1.2701,1.3497,0.704,0.6593,0.9327,9.2777,9.0097,1.1488
8/1/2020,106.0129,1.3143,1.3229,0.7203,0.66,0.9099,8.9422,8.7103,1.1831
9/1/2020,105.589,1.2947,1.323,0.7224,0.6665,0.9149,9.1621,8.8554,1.1785
10/1/2020,105.2095,1.298,1.3218,0.7121,0.6638,0.9124,9.2956,8.8346,1.1768
11/1/2020,104.4061,1.3198,1.3073,0.727,0.6856,0.911,9.0999,8.6569,1.1826
12/1/2020,103.7952,1.3434,1.2809,0.7532,0.7093,0.8884,8.7071,8.3631,1.2168
1/1/2021,103.7883,1.3641,1.2725,0.7726,0.72,0.8865,8.5096,8.2867,1.2178
2/1/2021,105.3774,1.3867,1.2696,0.7753,0.7245,0.8979,8.5083,8.3437,1.2094
